company,recipient_address,first_seen,award_source,award_url,suggested_status
BAE Systems Inc.,"Rockville, Maryland",2026-10-07,War.gov,https://www.war.gov/News/Contracts/Contract/Article/4618190/contracts-for-oct-2-2026/,promoted_local_entity
BAE Systems Technology Solutions & Services Inc.,"Rockville, Maryland",2026-10-07,War.gov,https://www.war.gov/News/Contracts/Contract/Article/4618190/contracts-for-oct-2-2026/,promoted_local_entity
Amentum Services Inc.,"Germantown, Maryland",2026-10-07,War.gov,https://www.war.gov/News/Contracts/Contract/Article/4616977/contracts-for-oct-1-2026/,needs_review
FCN Inc.,"Rockville, Maryland",2026-10-08,War.gov,https://www.war.gov/News/Contracts/Contract/Article/4621482/contracts-for-oct-7-2026/,local_entity
ABT GLOBAL LLC,USA UNITED STATES MD Maryland ROCKVILLE 031 MONTGOMERY 6130 EXECUTIVE BLVD 08 4907 20852,2026-10-08,USAspending,https://www.usaspending.gov/award/CONT_AWD_68HERC23F0221_6800_68HERC23D0004_6800/,local_entity
ABT GLOBAL LLC,USA UNITED STATES MD Maryland ROCKVILLE 031 MONTGOMERY 6130 EXECUTIVE BOULEVARD 08 4907 20852,2026-10-08,USAspending,https://www.usaspending.gov/award/CONT_AWD_75FCMC24F0164_7530_75FCMC19D0080_7530/,local_entity
"EDIFICE GROUP, INC.",USA UNITED STATES MD Maryland ROCKVILLE 031 MONTGOMERY 6100 EXECUTIVE BLVD STE 450 08 3902 20852,2026-10-08,USAspending,https://www.usaspending.gov/award/CONT_AWD_47PD0224F0091_4740_47PD0223D0007_4740/,local_entity
"TCS INTERPRETING, INC.",USA UNITED STATES MD Maryland SILVER SPRING 031 MONTGOMERY 8757 GEORGIA AVE STE 500 08 3743 20910,2026-10-08,USAspending,https://www.usaspending.gov/award/CONT_AWD_70RTAC25FC0000030_7001_70FA4022A00000009_7022/,local_entity
STRATEGIC TECHNOLOGY INSTITUTE INC,USA UNITED STATES MD Maryland ROCKVILLE 031 MONTGOMERY 6000 EXECUTIVE BLVD STE 205 08 3803 20852,2026-10-08,USAspending,https://www.usaspending.gov/award/CONT_AWD_1605C123F00068_1605_GS00F164CA_4732/,local_entity
"ADVANCED TECHNOLOGIES AND LABORATORIES (ATL) INTERNATIONAL, INC.",USA UNITED STATES MD Maryland GAITHERSBURG 031 MONTGOMERY 555 QUINCE ORCHARD RD SUITE 500 06 1461 20878,2026-10-08,USAspending,https://www.usaspending.gov/award/CONT_AWD_75D30126F20924_7523_75D30121A11150_7523/,local_entity
ROMANA PROSPERITY CONSTRUCTION CORPORATION,USA UNITED STATES MD Maryland ROCKVILLE 031 MONTGOMERY 13117 TURKEY BRANCH PKWY 08 3346 20853,2026-10-08,USAspending,https://www.usaspending.gov/award/CONT_AWD_47PM0125C0008_4740_-NONE-_-NONE-/,local_entity
"TTW SOLUTIONS, INC.",USA UNITED STATES MD Maryland BETHESDA 031 MONTGOMERY 6550 ROCK SPRING DR STE 525 08 1195 20817,2026-10-08,USAspending,https://www.usaspending.gov/award/CONT_AWD_68HERC24F0495_6800_68HERC24A0015_6800/,local_entity
"FCN, INC.",USA UNITED STATES MD Maryland ROCKVILLE 031 MONTGOMERY 2600 TOWER OAKS BLVD STE 575 08 4218 20852,2026-10-08,USAspending,https://www.usaspending.gov/award/CONT_AWD_61320627F0002_6100_NNG15SC71B_8000/,local_entity
"WESTERLY ENTERPRISES, LLC",USA UNITED STATES MD Maryland GAITHERSBURG 031 MONTGOMERY 507 N FREDERICK AVE STE 101 06 2506 20877,2026-10-08,USAspending,https://www.usaspending.gov/award/CONT_AWD_36C78627N50033_3600_36C78623D50645_3600/,local_entity
"PER-GEESH RITZ JV, LLC",USA UNITED STATES MD Maryland GAITHERSBURG 031 MONTGOMERY 814 W DIAMOND AVE STE 390 06 1416 20878,2026-10-08,USAspending,https://www.usaspending.gov/award/CONT_AWD_140D0426C0152_1406_-NONE-_-NONE-/,local_entity
AMERICAN SOCIETY OF HEALTH-SYSTEM PHARMACISTS INC,USA UNITED STATES MD Maryland BETHESDA 031 MONTGOMERY 4500 EAST WEST HWY 08 3327 20814,2026-10-08,USAspending,https://www.usaspending.gov/award/CONT_AWD_36C26324P0208_3600_-NONE-_-NONE-/,local_entity
"THE LAW OFFICES OF STUART L. PLOTNICK, LLC",USA UNITED STATES MD Maryland ROCKVILLE 031 MONTGOMERY 51 MONROE ST STE 707 08 2406 20850,2026-10-08,USAspending,https://www.usaspending.gov/award/CONT_AWD_11316026F0029OAS_1100_11316025A0002EOP_1100/,local_entity
"QIAGEN, LLC",USA UNITED STATES MD Maryland GERMANTOWN 031 MONTGOMERY 19300 GERMANTOWN RD 06 1415 20874,2026-10-08,USAspending,https://www.usaspending.gov/award/CONT_AWD_36C25727P0006_3600_-NONE-_-NONE-/,local_entity
"AMERICAN NURSES CREDENTIALING CENTER, INC. A/K/A AMERICAN NURSES CREDENTIALING CENTER",USA UNITED STATES MD Maryland SILVER SPRING 031 MONTGOMERY 8515 GEORGIA AVE STE 400 08 3492 20910,2026-10-08,USAspending,https://www.usaspending.gov/award/CONT_AWD_36C25224P0237_3600_-NONE-_-NONE-/,local_entity
SPATIAL FRONT INC,USA UNITED STATES MD Maryland BETHESDA 031 MONTGOMERY 6550 ROCK SPRING DR STE 485 08 1133 20817,2026-10-08,USAspending,https://www.usaspending.gov/award/CONT_AWD_70SBUR25F00000152_7003_47QTCB21D0044_4732/,local_entity
EMAGINE IT INC,USA UNITED STATES MD Maryland NORTH BETHESDA 031 MONTGOMERY 909 ROSE AVE STE 900 08 8760 20852,2026-10-08,USAspending,https://www.usaspending.gov/award/CONT_AWD_75FCMC26F0032_7530_GS35F0217T_4730/,local_entity
"AUGUST SCHELL ENTERPRISES, INC.",USA UNITED STATES MD Maryland ROCKVILLE 031 MONTGOMERY 1700 ROCKVILLE PIKE STE 405 08 1631 20852,2026-10-08,USAspending,https://www.usaspending.gov/award/CONT_AWD_2099CB27F00001_2099_NNG15SD80B_8000/,local_entity
"FCN, INC.",USA UNITED STATES MD Maryland ROCKVILLE 031 MONTGOMERY 2600 TOWER OAKS BLVD STE 575 08 4218 20852,2026-10-08,USAspending,https://www.usaspending.gov/award/CONT_AWD_20341523F00022_2036_NNG15SC71B_8000/,local_entity
FEDSTORE CORPORATION,USA UNITED STATES MD Maryland ROCKVILLE 031 MONTGOMERY 1 RESEARCH CT STE 450 08 20850,2026-10-08,USAspending,https://www.usaspending.gov/award/CONT_AWD_36C10B25F0024_3600_NNG15SD21B_8000/,local_entity
"CONTRACTING & COMMUNICATIONS SERVICES, INC.",USA UNITED STATES MD Maryland GAITHERSBURG 031 MONTGOMERY 107 ENGLEFIELD DR 06 2661 20878,2026-10-08,USAspending,https://www.usaspending.gov/award/CONT_AWD_47PD0225C0004_4740_-NONE-_-NONE-/,local_entity
"CC&C MANAGEMENT SERVICES, LLC",USA UNITED STATES MD Maryland ROCKVILLE 031 MONTGOMERY 5852 HUBBARD DR FL 2 08 4820 20852,2026-10-08,USAspending,https://www.usaspending.gov/award/CONT_AWD_36C24527F0036_3600_GS33F0014V_4730/,local_entity
"WESTAT, INC.",USA UNITED STATES MD Maryland ROCKVILLE 031 MONTGOMERY 1600 RESEARCH BLVD 08 3195 20850,2026-10-08,USAspending,https://www.usaspending.gov/award/CONT_AWD_EDIES11C0063_9100_-NONE-_-NONE-/,local_entity
"THE LAW OFFICES OF STUART L. PLOTNICK, LLC",USA UNITED STATES MD Maryland ROCKVILLE 031 MONTGOMERY 51 MONROE ST STE 707 08 2406 20850,2026-10-08,USAspending,https://www.usaspending.gov/award/CONT_AWD_11316027F0001OAS_1100_11316025A0002EOP_1100/,local_entity
"QIAGEN, LLC",USA UNITED STATES MD Maryland GERMANTOWN 031 MONTGOMERY 19300 GERMANTOWN RD 06 1415 20874,2026-10-08,USAspending,https://www.usaspending.gov/award/CONT_AWD_36C25527N0002_3600_36C25526A0003_3600/,local_entity
ROBERTS OXYGEN CO INC,USA UNITED STATES MD Maryland DERWOOD 031 MONTGOMERY 15830 REDLAND RD 08 2203 20855,2026-10-08,USAspending,https://www.usaspending.gov/award/CONT_AWD_15DDL325P00000041_1524_-NONE-_-NONE-/,local_entity
PRIVATIN CONSULTING LLC,USA UNITED STATES MD Maryland POTOMAC 031 MONTGOMERY 13702 GINKGO TER 08 5431 20850,2026-10-08,USAspending,https://www.usaspending.gov/award/CONT_AWD_36C24E27N0011_3600_GS10F122AA_4732/,local_entity
RC QUARTERMASTER LLC,USA UNITED STATES MD Maryland SILVER SPRING 031 MONTGOMERY 1311 MORNINGSIDE DR 08 1531 20904,2026-10-08,USAspending,https://www.usaspending.gov/award/CONT_AWD_36C25623P0118_3600_-NONE-_-NONE-/,local_entity
"FCN, INC.",USA UNITED STATES MD Maryland ROCKVILLE 031 MONTGOMERY 2600 TOWER OAKS BLVD STE 575 08 4218 20852,2026-10-08,USAspending,https://www.usaspending.gov/award/CONT_AWD_2032H523F00493_2050_NNG15SC71B_8000/,local_entity
"FCN, INC.",USA UNITED STATES MD Maryland ROCKVILLE 031 MONTGOMERY 2600 TOWER OAKS BLVD STE 575 08 4218 20852,2026-10-08,USAspending,https://www.usaspending.gov/award/CONT_AWD_2099CF27F00001_2099_NNG15SC71B_8000/,local_entity
"SKYWARD IT SOLUTIONS, LLC",USA UNITED STATES MD Maryland ROCKVILLE 031 MONTGOMERY 2000 TOWER OAKS BLVD STE 230 08 4384 20852,2026-10-08,USAspending,https://www.usaspending.gov/award/CONT_AWD_75FCMC24F0059_7530_47QTCA19D00AB_4732/,local_entity
BOLAND TRANE SERVICES INC,USA UNITED STATES MD Maryland GAITHERSBURG 031 MONTGOMERY 30 W WATKINS MILL RD 06 4005 20878,2026-10-08,USAspending,https://www.usaspending.gov/award/CONT_AWD_36C24525P0046_3600_-NONE-_-NONE-/,local_entity
ANALYTIC ACQUISITIONS LLC,USA UNITED STATES MD Maryland SILVER SPRING 031 MONTGOMERY 8300 HARTFORD AVE STE 200A 08 5308 20910,2026-10-08,USAspending,https://www.usaspending.gov/award/CONT_AWD_80ARC026F0018_8000_80ARC025A0001_8000/,local_entity
POTOMAC-HUDSON ENGINEERING INC,USA UNITED STATES MD Maryland ROCKVILLE 031 MONTGOMERY 77 UPPER ROCK CIRCLE STE 302 08 4021 20850,2026-10-08,USAspending,https://www.usaspending.gov/award/CONT_AWD_89243624FCD000018_8900_89303022AGC000006_8900/,local_entity
POSTERITY GROUP LLC,USA UNITED STATES MD Maryland DERWOOD 031 MONTGOMERY 7361 CALHOUN PL STE 200 08 2779 20855,2026-10-08,USAspending,https://www.usaspending.gov/award/CONT_AWD_36C25227F0006_3600_36F79725D0054_3600/,local_entity
"AMERICAN NURSES CREDENTIALING CENTER, INC. A/K/A AMERICAN NURSES CREDENTIALING CENTER",USA UNITED STATES MD Maryland SILVER SPRING 031 MONTGOMERY 8403 COLESVILLE RD STE 500 08 6333 20910,2026-10-08,USAspending,https://www.usaspending.gov/award/CONT_AWD_36C24627P0040_3600_-NONE-_-NONE-/,local_entity
"AMERICAN NURSES CREDENTIALING CENTER, INC. A/K/A AMERICAN NURSES CREDENTIALING CENTER",USA UNITED STATES MD Maryland SILVER SPRING 031 MONTGOMERY 8515 GEORGIA AVE STE 400 08 3492 20910,2026-10-08,USAspending,https://www.usaspending.gov/award/CONT_AWD_36C25725P0035_3600_-NONE-_-NONE-/,local_entity
"LIFE SAFETY GROUP, LLC",USA UNITED STATES MD Maryland ROCKVILLE 031 MONTGOMERY 12512 KNIGHTSBRIDGE CT 08 3731 20850,2026-10-08,USAspending,https://www.usaspending.gov/award/CONT_AWD_36C25024P1316_3600_-NONE-_-NONE-/,local_entity
"EXECUTIVE INFORMATION SYSTEMS, L.L.C.",USA UNITED STATES MD Maryland BETHESDA 031 MONTGOMERY 6903 ROCKLEDGE DR STE 760 08 1818 20817,2026-10-08,USAspending,https://www.usaspending.gov/award/CONT_AWD_36C10B26F0217_3600_47QTCA18D0081_4732/,local_entity
AMERITEL COMMUNICATIONS CORPORATION,USA UNITED STATES MD Maryland ROCKVILLE 031 MONTGOMERY 7361 CALHOUN PLACE STE 100 08 2784 20855,2026-10-08,USAspending,https://www.usaspending.gov/award/CONT_AWD_20340927P00008_2036_-NONE-_-NONE-/,local_entity
AMERITEL COMMUNICATIONS CORPORATION,USA UNITED STATES MD Maryland ROCKVILLE 031 MONTGOMERY 7361 CALHOUN PLACE STE 100 08 2784 20855,2026-10-08,USAspending,https://www.usaspending.gov/award/CONT_AWD_36C24926F0044_3600_GS03F102CA_4732/,local_entity
A SQUARE GROUP LLC,USA UNITED STATES MD Maryland ROCKVILLE 031 MONTGOMERY 6237 EXECUTIVE BLVD 06 3906 20852,2026-10-08,USAspending,https://www.usaspending.gov/award/CONT_AWD_91003122F0006_9100_75N98120D00007_7529/,local_entity
"AUGUST SCHELL ENTERPRISES, INC.",USA UNITED STATES MD Maryland ROCKVILLE 031 MONTGOMERY 1700 ROCKVILLE PIKE STE 405 08 1631 20852,2026-10-08,USAspending,https://www.usaspending.gov/award/CONT_AWD_28321323FDX030016_2800_NNG15SD80B_8000/,local_entity
"FCN, INC.",USA UNITED STATES MD Maryland ROCKVILLE 031 MONTGOMERY 2600 TOWER OAKS BLVD STE 575 08 4218 20852,2026-10-08,USAspending,https://www.usaspending.gov/award/CONT_AWD_2031JW25F00016_2046_NNG15SC71B_8000/,local_entity
"FCN, INC.",USA UNITED STATES MD Maryland ROCKVILLE 031 MONTGOMERY 2600 TOWER OAKS BLVD STE 575 08 4218 20852,2026-10-08,USAspending,https://www.usaspending.gov/award/CONT_AWD_9523ZY27F0001_9507_NNG15SC71B_8000/,local_entity
"FCN, INC.",USA UNITED STATES MD Maryland ROCKVILLE 031 MONTGOMERY 2600 TOWER OAKS BLVD STE 575 08 4218 20852,2026-10-08,USAspending,https://www.usaspending.gov/award/CONT_AWD_2031JW25F00013_2046_NNG15SC71B_8000/,local_entity
"FCN, INC.",USA UNITED STATES MD Maryland ROCKVILLE 031 MONTGOMERY 2600 TOWER OAKS BLVD STE 575 08 4218 20852,2026-10-08,USAspending,https://www.usaspending.gov/award/CONT_AWD_2099AC27F00005_2099_NNG15SC71B_8000/,local_entity
"FCN, INC.",USA UNITED STATES MD Maryland ROCKVILLE 031 MONTGOMERY 2600 TOWER OAKS BLVD STE 575 08 4218 20852,2026-10-08,USAspending,https://www.usaspending.gov/award/CONT_AWD_2031JW24F00017_2046_NNG15SC71B_8000/,local_entity
"FCN, INC.",USA UNITED STATES MD Maryland ROCKVILLE 031 MONTGOMERY 2600 TOWER OAKS BLVD STE 575 08 4218 20852,2026-10-08,USAspending,https://www.usaspending.gov/award/CONT_AWD_2099CA27F00007_2099_NNG15SC71B_8000/,local_entity
"FCN, INC.",USA UNITED STATES MD Maryland ROCKVILLE 031 MONTGOMERY 2600 TOWER OAKS BLVD STE 575 08 4218 20852,2026-10-08,USAspending,https://www.usaspending.gov/award/CONT_AWD_2099AC27F00007_2099_NNG15SC71B_8000/,local_entity
"FCN, INC.",USA UNITED STATES MD Maryland ROCKVILLE 031 MONTGOMERY 2600 TOWER OAKS BLVD STE 575 08 4218 20852,2026-10-08,USAspending,https://www.usaspending.gov/award/CONT_AWD_2031JW26F00005_2046_NNG15SC71B_8000/,local_entity
"FCN, INC.",USA UNITED STATES MD Maryland ROCKVILLE 031 MONTGOMERY 2600 TOWER OAKS BLVD STE 575 08 4218 20852,2026-10-08,USAspending,https://www.usaspending.gov/award/CONT_AWD_2033H625F00010_2036_NNG15SC71B_8000/,local_entity
"FCN, INC.",USA UNITED STATES MD Maryland ROCKVILLE 031 MONTGOMERY 2600 TOWER OAKS BLVD STE 575 08 4218 20852,2026-10-08,USAspending,https://www.usaspending.gov/award/CONT_AWD_2031JW27F00002_2046_NNG15SC71B_8000/,local_entity
"FCN, INC.",USA UNITED STATES MD Maryland ROCKVILLE 031 MONTGOMERY 2600 TOWER OAKS BLVD STE 575 08 4218 20852,2026-10-08,USAspending,https://www.usaspending.gov/award/CONT_AWD_20340927P00004_2036_-NONE-_-NONE-/,local_entity
WINDSOR GROUP LLC,USA UNITED STATES MD Maryland BETHESDA 031 MONTGOMERY 6710A ROCKLEDGE DR STE 400 08 20817,2026-10-08,USAspending,https://www.usaspending.gov/award/CONT_AWD_36C26127F0007_3600_47QRAA21D006R_4732/,local_entity
"FCN, INC.",USA UNITED STATES MD Maryland ROCKVILLE 031 MONTGOMERY 2600 TOWER OAKS BLVD STE 575 08 4218 20852,2026-10-08,USAspending,https://www.usaspending.gov/award/CONT_AWD_2033H626F00014_2036_NNG15SC71B_8000/,local_entity
"TENACITY SOLUTIONS, LLC",USA UNITED STATES MD Maryland ROCKVILLE 031 MONTGOMERY 12358 PARKLAWN DR STE 356 08 2178 20852,2026-10-08,USAspending,https://www.usaspending.gov/award/CONT_AWD_61320625P0017_6100_-NONE-_-NONE-/,local_entity
"FCN, INC.",USA UNITED STATES MD Maryland ROCKVILLE 031 MONTGOMERY 2600 TOWER OAKS BLVD STE 575 08 4218 20852,2026-10-08,USAspending,https://www.usaspending.gov/award/CONT_AWD_2099AC27F00001_2099_NNG15SC71B_8000/,local_entity
"RADICE ENTERPRISES, LLC",USA UNITED STATES MD Maryland BETHESDA 031 MONTGOMERY 9810 CARTER RD 08 1413 20817,2026-10-08,USAspending,https://www.usaspending.gov/award/CONT_AWD_36C24823P0011_3600_-NONE-_-NONE-/,local_entity
CAPITAL SHREDDER CORP,USA UNITED STATES MD Maryland ROCKVILLE 031 MONTGOMERY 5550 WILKINS CT 1830 20852,2026-10-08,USAspending,https://www.usaspending.gov/award/CONT_AWD_47QSSC27F02D6_4732_47QSSC26A000E_4732/,local_entity
"VALNEVA USA, INC.",USA UNITED STATES MD Maryland BETHESDA 031 MONTGOMERY 4550 MONTGOMERY AVE STE 460 08 3304 20814,2026-10-08,USAspending,https://www.usaspending.gov/award/CONT_AWD_36C25227N0099_3600_36F79725D0249_3600/,local_entity
AMERICAN SOCIETY OF HEALTH-SYSTEM PHARMACISTS INC,USA UNITED STATES MD Maryland BETHESDA 031 MONTGOMERY 4500 EAST WEST HWY 08 3327 20814,2026-10-08,USAspending,https://www.usaspending.gov/award/CONT_AWD_36C26225P0013_3600_-NONE-_-NONE-/,local_entity
ROBERTS OXYGEN CO INC,USA UNITED STATES MD Maryland DERWOOD 031 MONTGOMERY 15830 REDLAND RD 08 2203 20855,2026-10-08,USAspending,https://www.usaspending.gov/award/CONT_AWD_36C24626P1072_3600_-NONE-_-NONE-/,local_entity
GOVCONNECTION INC,USA UNITED STATES MD Maryland ROCKVILLE 031 MONTGOMERY 2275 RESEARCH BOULEVARD STE 360 08 3268 20850,2026-10-08,USAspending,https://www.usaspending.gov/award/CONT_AWD_36C10B26F0004_3600_NNG15SC36B_8000/,local_entity
"SODEXO OPERATIONS, LLC",USA UNITED STATES MD Maryland NORTH BETHESDA 031 MONTGOMERY 915 MEETING ST 08 20852,2026-10-08,USAspending,https://www.usaspending.gov/award/CONT_AWD_1333BJ26P00050002_1344_-NONE-_-NONE-/,local_entity
"GRAFIK INDUSTRIES, LTD.",USA UNITED STATES MD Maryland GAITHERSBURG 031 MONTGOMERY 620 E DIAMOND AVE STE G 06 5328 20877,2026-10-08,USAspending,https://www.usaspending.gov/award/CONT_AWD_2031JW26F00008_2046_47QRAA20D004Q_4732/,local_entity
RECOVERY POINT SYSTEMS INC,USA UNITED STATES MD Maryland GAITHERSBURG 031 MONTGOMERY 75 W WATKINS MILL RD 06 4021 20878,2026-10-08,USAspending,https://www.usaspending.gov/award/CONT_AWD_2031JW23F00007_2046_GS25F0030P_4730/,local_entity
"QIAGEN, LLC",USA UNITED STATES MD Maryland GERMANTOWN 031 MONTGOMERY 19300 GERMANTOWN RD 06 1415 20874,2026-10-08,USAspending,https://www.usaspending.gov/award/CONT_AWD_36C24827P0006_3600_-NONE-_-NONE-/,local_entity
"QIAGEN, LLC",USA UNITED STATES MD Maryland GERMANTOWN 031 MONTGOMERY 19300 GERMANTOWN RD 06 1415 20874,2026-10-08,USAspending,https://www.usaspending.gov/award/CONT_AWD_36C24824P1262_3600_-NONE-_-NONE-/,local_entity
